fold,Accuracy,Sensitivity,Specificity,Precision,F1_Score,FNR,FPR,AUC
0,0.48,0.35441089476427434,0.6700002247263588,0.48621245042772704,0.4099790722853714,0.6455891052357257,0.32999977527364116,0.5664908926921615
1,0.4805,0.35194965129101297,0.6675212808767128,0.44812531004253175,0.39425692397938933,0.648050348708987,0.33247871912328714,0.5498591948092497
2,0.485,0.35168416666611346,0.6708535380498115,0.44465919511008867,0.3927441502969769,0.6483158333338865,0.32914646195018843,0.5523541219611268
3,0.4905,0.35164706255853456,0.6728430224692268,0.469615903915523,0.4021587722423647,0.6483529374414655,0.32715697753077316,0.5730188488409483
4,0.4815,0.3451075947220978,0.6670391493290901,0.4633619501940274,0.39558627563092963,0.6548924052779023,0.3329608506709099,0.5654949815128657
