fold,Accuracy,Sensitivity,Specificity,Precision,F1_Score,FNR,FPR,AUC
0,0.518,0.35431802431174386,0.6859983442558449,0.3454159898351228,0.3498103811154116,0.6456819756882561,0.31400165574415506,0.5798741243011241
1,0.519,0.3536588723361401,0.6855787497361492,0.3449282238180473,0.3492389920854599,0.6463411276638599,0.31442125026385076,0.5692338797666362
2,0.526,0.3582715041325313,0.6897980801059251,0.3561186917912065,0.3571918542156617,0.6417284958674686,0.3102019198940748,0.5690612366164949
3,0.547,0.36812864104639903,0.6990025662131409,0.37553750069087494,0.3717961650595979,0.6318713589536009,0.30099743378685906,0.5858929477486982
4,0.504,0.3407769820089879,0.6737234192445942,0.3292990863759286,0.33493973036220737,0.659223017991012,0.32627658075540583,0.5698815472071801
