Fold/Mean,Accuracy,Sensitivity,Specificity,Precision,F1_Score,FNR,FPR,AUC
Fold_1,0.9666666666666667,0.9629629629629629,0.9824561403508771,0.9722222222222222,0.9675704412546517,0.037037037037037035,0.017543859649122806,1.0
Fold_2,0.9666666666666667,0.9523809523809524,0.9833333333333333,0.9696969696969697,0.960960960960961,0.047619047619047616,0.016666666666666666,1.0
Fold_3,0.9333333333333333,0.9249999999999999,0.9681818181818181,0.9249999999999999,0.9249999999999999,0.075,0.03181818181818182,0.9910984848484848
Fold_4,0.9666666666666667,0.9722222222222222,0.9833333333333333,0.9696969696969697,0.9709579540528825,0.027777777777777776,0.016666666666666666,0.9951851851851852
Fold_5,0.9333333333333333,0.9419191919191919,0.9639376218323586,0.9419191919191919,0.9419191919191919,0.05808080808080809,0.036062378167641324,0.9513593537716344
Mean,0.9533333333333334,0.9508970658970659,0.9762484494063441,0.9557070707070707,0.9532817096375374,0.04910293410293411,0.023751550593655857,0.987528604761061
