fold,Accuracy,Sensitivity,Specificity,Precision,F1_Score,FNR,FPR,AUC
0,1.0,1.0,1.0,1.0,1.0,0.0,0.0,1.0
1,1.0,1.0,1.0,1.0,1.0,0.0,0.0,1.0
2,0.9333333333333333,0.9249999999999999,0.9681818181818181,0.9249999999999999,0.9249999999999999,0.075,0.03181818181818182,0.996439393939394
3,0.9333333333333333,0.9333333333333332,0.962962962962963,0.9523809523809524,0.9427609427609427,0.06666666666666667,0.037037037037037035,0.9723456790123457
4,0.9333333333333333,0.9444444444444445,0.9649122807017544,0.9487179487179488,0.9465763732129421,0.05555555555555555,0.03508771929824561,0.9835120207927225
