Fold/Mean,Accuracy,Sensitivity,Specificity,Precision,F1_Score,FNR,FPR,AUC
Fold_1,0.9333333333333333,0.9326599326599326,0.9665831244778613,0.9326599326599326,0.9326599326599326,0.06734006734006734,0.03341687552213868,0.9966414352379265
Fold_2,1.0,1.0,1.0,1.0,1.0,0.0,0.0,1.0
Fold_3,0.9,0.8833333333333333,0.9515151515151515,0.8917748917748919,0.8875340405641589,0.11666666666666665,0.048484848484848485,0.9857575757575757
Fold_4,0.8666666666666667,0.8722222222222222,0.9277777777777778,0.8869047619047619,0.8795022182118956,0.12777777777777777,0.07222222222222223,0.9871604938271604
Fold_5,0.9,0.9141414141414143,0.9463937621832359,0.9141414141414143,0.9141414141414143,0.08585858585858586,0.05360623781676413,0.97643836021029
Mean,0.9200000000000002,0.9204713804713804,0.9584539631908054,0.9250962000962002,0.9227675211154802,0.07952861952861953,0.041546036809194706,0.9891995730065904
