Fold/Mean,Accuracy,Sensitivity,Specificity,Precision,F1_Score,FNR,FPR,AUC
Fold_1,1.0,1.0,1.0,1.0,1.0,0.0,0.0,1.0
Fold_2,0.9666666666666667,0.9523809523809524,0.9833333333333333,0.9696969696969697,0.960960960960961,0.047619047619047616,0.016666666666666666,1.0
Fold_3,0.9333333333333333,0.9249999999999999,0.9681818181818181,0.9249999999999999,0.9249999999999999,0.075,0.03181818181818182,0.9893181818181818
Fold_4,1.0,1.0,1.0,1.0,1.0,0.0,0.0,1.0
Fold_5,0.9666666666666667,0.9722222222222222,0.9824561403508771,0.9722222222222222,0.9722222222222222,0.027777777777777776,0.017543859649122806,0.985852678835135
Mean,0.9733333333333334,0.969920634920635,0.9867942583732058,0.9733838383838384,0.9716366366366366,0.030079365079365077,0.013205741626794259,0.9950341721306634
