Modelo,Detecciones,Conf_Media,Precision,Recall,F1-Score,Tiempo_Inferencia(ms)
yolov8n.pt,13,0.4836249,0.615,0.4,0.485,58.235
yolov8s.pt,16,0.5815706,0.75,0.6,0.667,39.453
yolov8m.pt,20,0.60452974,0.6,0.6,0.6,36.05
yolov8l.pt,19,0.62029856,0.737,0.7,0.718,36.259
yolov8x.pt,19,0.6303838,0.737,0.7,0.718,35.685
